source_url,source_product_title,mapped_new_category,mapped_new_url,verified_specs,unverified_claims_removed,image_rights_status,migration_status,reviewer_status
internal-authorized-source,Hydrophobic Silica Aerogel Powder and Particles,aerogel-powders-granules,/products/aerogel-powders-granules/aerogel-powder-and-slurry,"Only product-profile facts tied to supplied technical documentation","Packaging, capacity, certification, origin, pricing",review-required,restructured,pending
internal-authorized-source,Aerogel Blanket for Industrial Insulation,aerogel-blankets-felts-mats,/products/aerogel-blankets-felts-mats/aerogel-blanket-and-thermal-pads,"Only product-profile facts tied to supplied technical documentation","Packaging, capacity, certification, origin, pricing",review-required,restructured,pending
internal-authorized-source,Battery Aerogel Thermal Barrier Pads,aerogel-blankets-felts-mats,/products/aerogel-blankets-felts-mats/battery-thermal-pads,"Only product-profile facts tied to supplied technical documentation","Fire rating, vehicle approval, capacity, certification, origin, pricing",review-required,restructured,pending
internal-authorized-source,Building Aerogel Thermal Insulation Coating,aerogel-slurries-coatings-paste,/products/aerogel-slurries-coatings-paste/aerogel-insulation-coating,"Only product-profile facts tied to supplied technical documentation","Coverage, weathering, certification, origin, pricing",review-required,restructured,pending
internal-authorized-source,Industrial Aerogel Insulation Coating,aerogel-slurries-coatings-paste,/products/aerogel-slurries-coatings-paste/industrial-aerogel-insulation-coating,"Only product-profile facts tied to supplied technical documentation","Coverage, corrosion protection, certification, origin, pricing",review-required,restructured,pending
internal-authorized-source,Aerogel Paste and Sealant Compound,aerogel-slurries-coatings-paste,/products/aerogel-slurries-coatings-paste/aerogel-paste-compound,"Only product-profile facts tied to supplied technical documentation","Performance guarantees, certification, origin, pricing",review-required,restructured,pending
internal-authorized-source,Aerogel Fireproof Coating for Steel Structures,fireproof-waterproof-solutions,/products/fireproof-waterproof-solutions/aerogel-fireproof-coating,"Only product-profile facts tied to supplied technical documentation","Fire-rating guarantee, certification, origin, pricing",review-required,restructured,pending
internal-authorized-source,Non-Intumescent Fire Protection Coating,fireproof-waterproof-solutions,/products/fireproof-waterproof-solutions/non-intumescent-fire-protection-coating,"Only product-profile facts tied to supplied technical documentation","Fire-rating guarantee, certification, origin, pricing",review-required,restructured,pending
internal-authorized-source,Silicon-Based Penetrating Water Repellent,fireproof-waterproof-solutions,/products/fireproof-waterproof-solutions/silicon-penetrating-water-repellent,"Only product-profile facts tied to supplied technical documentation","Lifetime guarantee, certification, origin, pricing",review-required,restructured,pending
